departamento;distrito;locality;especie;Latitude;Longitude;ano;mes;dia;cantidad
Canindeyś;Maracana;3er Encuadre - San Francisco;Psorophora albigenu;-2.418.050.531;-5.604.697.009;2019;;;
San Pedro;Nueva Germania;;Sabethes belisarioi;-2.375.331;-5.658.516;2018;;;
Alto Paranį;Itakyry;Acaray Poty;Psorophora ferox;-2.494.049.785;-5.532.395.914;2021;11;24;8H
Alto Paranį;Itakyry;Acaray Poty;Psorophora (Janthinosoma) ferox;-2.493.901.017;-5.532.902.764;2021;11;24;6H
Alto Paranį;Ńacunday;Agrotoro;Sabethes (Sabethes) belisarioi;-2.610.876;-5.476.164;2011;;;
Alto Paranį;Ńacunday;Agrotoro;Haemagogus (Conopostegus) leucocelaenus;-2.610.876;-5.476.164;2011;;;
Alto Paranį;Ńacunday;Agrotoro;Sabethes (Sabethoides) chloropterus;-2.610.876;-5.476.164;2011;;;
Alto Paranį;Ńacunday;Agrotoro;Sabethes (Sabethes) albiprivus;-2.610.876;-5.476.164;2011;;;
Caaguazś;Carayaó;Cleto Romero;Sabethes (Sabethes) belisarioi;-25.098.236;-56.499.979;2018;;;
Concepción;Sargento José Félix López;Asentamiento Norte Pyahu;Sabethes (Sabethoides) glaucodaemon;-2.230.363.921;-5.689.410.649;2021;;;
Central;Capiatį;Ybyraró;Haemagogus (Haemagogus) spegazzinii;-25.419.456;-57.473.409;2009;;;
San Pedro;Santa Rosa del Aguaray;Base San Jorge;Sabethes (Sabethoides) chloropterus;-23.821.197;-56.306.604;2008;;;
San Pedro;Santa Rosa del Aguaray;Base San Jorge;Sabethes (Sabethinus) intermedius;-23.821.197;-56.306.604;2008;;;
Itapśa;Encarnación;Chaipé;Psorophora (Janthinosoma) ferox;-27.316.332;-55.823.872;2011;;;
Cordillera;San Bernardino;Cristóbal Colón;Ochlerotatus (Chrysoconops) fulvus;-25.291.156;-57.321.938;2009;;;
Cordillera;San Bernardino;Cristóbal Colón;Psorophora (Janthinosoma) ferox;-25.291.156;-57.321.938;2009;;;
Misiones;Ayolas;San Antonio;Psorophora (Janthinosoma) ferox;-27.395.262;-56.843.533;2013;;;
Misiones;Ayolas;San Antonio;Psorophora (Janthinosoma) ferox;-27.395.262;-56.843.533;2017;;;
Misiones;Ayolas;San Antonio;Sabethes (Sabethoides) chloropterus;-27.395.262;-56.843.533;2017;;;
Canindeyś;Curuguaty;San Isidro;Psorophora (Janthinosoma) ferox;-24.492.139;-55.695.517;2012;;;
Cordillera;Eusebio Ayala;San Rafael;Haemagogus (Conopostegus) leucocelaenus;-253.856.705;-569.669.036;2017;;;
Cordillera;Eusebio Ayala;San Rafael;Sabethes (Sabethes) albiprivus;-253.856.705;-569.669.036;2017;;;
Cordillera;Eusebio Ayala;San Rafael;Sabethes (Sabethes) quasicyaneus;-253.856.705;-569.669.036;2017;;;
Cordillera;Eusebio Ayala;San Rafael;Sabethes (Sabethoides) glaucodaemon;-253.856.705;-569.669.036;2017;;;
Cordillera;Eusebio Ayala;San Rafael;Psorophora (Janthinosoma) ferox;-253.856.705;-569.669.036;2017;;;
Cordillera;Eusebio Ayala;San Rafael;Sabethes (Sabethoides) chloropterus;-253.856.705;-569.669.036;2017;;;
Cordillera;Eusebio Ayala;San Rafael;Sabethes (Sabethes) belisarioi;-253.856.705;-569.669.036;2017;;;
Cordillera;Eusebio Ayala;San Rafael;Sabethes (Sabethes) quasicyaneus;-253.856.705;-569.669.036;2017;;;
San Pedro;Yatayty del Norte;Santa Lucķa;Sabethes (Sabethoides) chloropterus;-24.865.063;-56.385.574;2008;;;
San Pedro;Yatayty del Norte;Santa Lucķa;Sabethes (Sabethinus) intermedius;-24.865.063;-56.385.574;2008;;;
Central;Luque;Zįrate Isla;Sabethes (Sabethes) quasicyaneus;-2.523.803.412;-5.749.537.243;2017;;;
Cordillera;Eusebio Ayala;San Rafael;Psorophora (Janthinosoma) ferox;-253.856.705;-569.669.036;2015;;;
Cordillera;Eusebio Ayala;San Rafael;Ochlerotatus (Chrysoconops) fulvus;-253.856.705;-569.669.036;2015;;;
Cordillera;Atyra;Caacupemi;Sabethes (Sabethes) belisarioi;-25.311.410;-57.147.430;2017;;;
Cordillera;Atyra;Caacupemi;Wyeomyia (Triamyia) aporonoma;-25.311.410;-57.147.430;2017;;;
Central;Luque;Campo Grande;Ochlerotatus (Chrysoconops) fulvus;-2.527.024.737;-5.752.557.002;2018;;;
Central;Luque;Campo Grande;Psorophora (Janthinosoma) ferox;-2.526.949.672;-5.753.092.971;2018;;;
Central;Luque;Cańada San Rafael;Psorophora (Janthinosoma) ferox;-2.530.325.792;-5.745.655.084;2019;;;
Central;Luque;Cańada San Rafael;Psorophora (Janthinosoma) ferox;-2.530.325.792;-5.745.655.084;2019;;;8H
Central;Luque;Cańada San Rafael;Ochlerotatus (Ochlerotatus) scapularis;-2.530.325.792;-5.745.655.084;2020;6;19;1H
Central;Luque;Cańada San Rafael;Ochlerotatus (Ochlerotatus) scapularis;-2.530.325.792;-5.745.655.084;2020;6;20;
Central;Luque;Cańada San Rafael;Sabethes (Sabethoides) glaucodaemon;-2.530.325.792;-5.745.655.084;2020;6;21;1H
Central;Luque;Cańada San Rafael;Ochlerotatus (Ochlerotatus) scapularis;-2.530.325.792;-5.745.655.084;2020;6;21;57H
Central;Luque;Cańada San Rafael;Ochlerotatus (Complejo)serratus;-2.530.325.792;-5.745.655.084;2020;6;21;2H
Central;Luque;Cańada San Rafael;Psorophora (Janthinosoma) ferox;-2.530.325.792;-5.745.655.084;2020;6;21;5H
Central;Luque;Cańada San Rafael;Psorophora (Janthinosoma) lutzii;-2.530.325.792;-5.745.655.084;2020;6;21;7H
Central;Luque;Cańada San Rafael;Ochlerotatus (Ochlerotatus) scapularis;-2.530.325.792;-5.745.655.084;2020;8;19;
Central;Luque;Cańada San Rafael;Ochlerotatus (Complejo)serratus;-2.530.325.792;-5.745.655.084;2020;8;19;
Central;Luque;Cańada San Rafael;Ochlerotatus (Ochlerotatus) scapularis;-2.530.325.792;-5.745.655.084;2020;8;20;
Central;Luque;Cańada San Rafael;Ochlerotatus (Complejo)serratus;-2.530.325.792;-5.745.655.084;2020;8;21;2H
Central;Luque;Cańada San Rafael;Psorophora (Janthinosoma) albigenu;-2.530.325.792;-5.745.655.084;2019;12;12;23H
Central;Luque;Cańada San Rafael;Psorophora (Janthinosoma) ferox;-2.530.325.792;-5.745.655.084;2019;12;12;12H
Central;Luque;Cańada San Rafael;Sabethes (Sabethoides) glaucodaemon;-2.530.325.792;-5.745.655.084;2020;2;27;1H
Central;Luque;Cańada San Rafael;Psorophora (Janthinosoma) ferox;-2.530.325.792;-5.745.655.084;2020;2;27;18H
Central;Luque;Cańada San Rafael;Psorophora (Janthinosoma) ferox;-2.530.325.792;-5.745.655.084;2021;4;12;
Central;Luque;Cańada San Rafael;Psorophora (Janthinosoma) ferox;-2.530.325.792;-5.745.655.084;2021;4;13;
Central;Luque;Cańada San Rafael;Sabethes (Sabethoides) glaucodaemon;-2.530.325.792;-5.745.655.084;2021;4;14;4H
Central;Luque;Cańada San Rafael;Psorophora (Janthinosoma) ferox;-2.530.325.792;-5.745.655.084;2021;4;14;25H
Cordillera;Eusebio Ayala;Capilla Loma 2;Psorophora (Janthinosoma) ferox;-25.402.884;-56.960.912;2019;;;
Cordillera;Eusebio Ayala;Capilla Loma 2;Ochlerotatus (Chrysoconops) fulvus;-25.402.884;-56.960.912;2019;;;
Cordillera;Eusebio Ayala;Capilla Loma 2;Sabethes (Sabethoides) glaucodaemon;-25.402.884;-56.960.912;2020;7;18;4H
Cordillera;Eusebio Ayala;Capilla Loma 2;Sabethes (Sabethes) quasicyaneus;-25.402.884;-56.960.912;2020;7;18;1H
Cordillera;Eusebio Ayala;Capilla Loma 2;Psorophora (Janthinosoma) ferox;-25.402.884;-56.960.912;2020;7;18;28H
Cordillera;Eusebio Ayala;Capilla Loma 2;Ochlerotatus (Ochlerotatus) scapularis;-25.402.884;-56.960.912;2020;7;18;35H
Cordillera;Eusebio Ayala;Capilla Loma 2;Sabethes (Sabethoides) glaucodaemon;-25.402.884;-56.960.912;2019;10;3;3H
Cordillera;Eusebio Ayala;Capilla Loma 2;Sabethes (Sabethes) albiprivus;-25.402.884;-56.960.912;2019;10;3;2H
Cordillera;Eusebio Ayala;Capilla Loma 2;Sabethes (Sabethes) quasicyaneus;-25.402.884;-56.960.912;2019;10;3;7H
Cordillera;Eusebio Ayala;Capilla Loma 2;Ochlerotatus (Ochlerotatus) scapularis;-25.402.884;-56.960.912;2019;10;3;7H
Cordillera;Eusebio Ayala;Capilla Loma 2;Sabethes (Sabethes) albiprivus;-25.402.884;-56.960.912;2019;12;19;12H
Cordillera;Eusebio Ayala;Capilla Loma 2;Psorophora (Janthinosoma) ferox;-25.402.884;-56.960.912;2019;12;19;6H
San Pedro;Lima;Carumbey 1;Psorophora (Janthinosoma) ferox;-23.914.956;-56.416.257;2008;;;
Ńeembucś;Cerrito;cerrito;Psorophora (Janthinosoma) ferox;-27.344.343;-57.647.692;2014;;;
Guairį;Paso Yobai;Compańia San Francisco;Psorophora (Janthinosoma) ferox;-25.716.154;-55.756.967;2022;5;4;3H
Guairį;Paso Yobai;Compańia San Francisco;Psorophora (Janthinosoma) albipes;-25.716.154;-55.756.967;2022;5;4;4H
Guairį;Paso Yobai;Compańia San Francisco;Psorophora (Janthinosoma) ferox;-25.716.154;-55.756.967;2022;5;4;5H
Guairį;Paso Yobai;Compańia San Francisco;Psorophora (Janthinosoma) albipes;-25.716.154;-55.756.967;2022;5;4;8H
Guairį;Paso Yobai;Compańia San Francisco;Psorophora (Janthinosoma) ferox;-25.716.154;-55.756.967;2022;5;4;7H
Guairį;Paso Yobai;Compańia San Francisco;Psorophora (Janthinosoma) albipes;-25.717.417;-55.756.667;2022;7;4;15H
Guairį;Paso Yobai;Compańia San Francisco;Psorophora (Janthinosoma) ferox;-25.717.417;-55.756.667;2022;7;4;12H
Guairį;Paso Yobai;Compańia San Francisco;Sabethes (Sabethes) albiprivus;-25.705.496;-55.766.593;2022;8;25;10H
Guairį;Paso Yobai;Compańia San Francisco;Sabethes (Sabethes) albiprivus;-25.705.496;-55.766.593;2022;11;24;15H
Guairį;Paso Yobai;Compańia San Francisco;Sabethes (Sabethes) belisarioi;-25.705.496;-55.766.593;2022;11;24;1H
Guairį;Paso Yobai;Compańia San Francisco;Ochlerotatus (Complejo)serratus;-25.705.496;-55.766.593;2022;11;24;2H
Guairį;Paso Yobai;Compańia San Francisco;Psorophora (Janthinosoma) ferox;-25.705.496;-55.766.593;2022;11;24;12H
Guairį;Colonia Independecia;Colonia Melgarejo;Sabethes (Sabethoides) glaucodaemon;-25.718.680;-56.215.343;2021;9;30;1H
Itapśa;Alto Verį;Coronay;Sabethes (Sabethoides) chloropterus;-26.757.993;-55.774.032;2022;3;10;4H
Itapśa;Alto Verį;Coronay;Sabethes (Sabethinus) intermedius;-26.757.993;-55.774.032;2022;3;10;12H
Itapśa;Alto Verį;Coronay;Psorophora (Janthinosoma) ferox;-26.757.993;-55.774.032;2022;7;4;2H
Itapśa;Alto Verį;Coronay;Psorophora (Janthinosoma) ferox;-26.757.993;-55.774.032;2022;7;5;1H
Itapśa;Alto Verį;Coronay;Psorophora (Janthinosoma) ferox;-26.754.177;-55.769.644;2022;7;7;2H
Itapśa;Alto Verį;Coronay;Sabethes (Sabethinus) intermedius;-26.754.177;-55.769.644;2022;10;13;4H
Itapśa;Alto Verį;Coronay;Sabethes (Sabethes) albiprivus;-26.754.177;-55.769.644;2022;10;13;2H
Itapśa;Alto Verį;Coronay;Ochlerotatus (Complejo)serratus;-26.754.177;-55.769.644;2022;10;13;2H
Central;Mariano R Alonso;Corumba Cué;Sabethes (Sabethinus) intermedius;-25.181.745;-57.537.365;2022;5;9;1H
Central;Mariano R Alonso;Corumba Cué;Sabethes (Sabethinus) intermedius;-25.186.377;-57.525.738;2022;5;12;1H
Central;Mariano R Alonso;Corumba Cué;Aedes (Stegomyia) aegypti;-25.186.377;-57.525.738;2022;5;12;5H
Central;Mariano R Alonso;Corumba Cué;Psorophora (Janthinosoma) ferox;-25.186.377;-57.525.738;2022;5;12;2H
Central;Mariano R Alonso;Corumba Cué;Haemagogus (Haemagogus) celeste;-25.186.377;-57.525.738;2022;10;27;2H
Guairį;Yataity;Cosmos;Sabethes (Sabethoides) chloropterus;-2.569.115.857;-5.647.236.756;2018;1;11;
San Pedro;Lima;Costa Pucś 1;Sabethes (Sabethes) amazonicus;-23.978.347;-5.656.932;2008;;;
San Pedro;Lima;Costa Pucś 1;Sabethes (Sabethinus) intermedius;-23.978.347;-5.656.932;2008;;;
San Pedro;Lima;Costa Pucś 1;Sabethes (Sabethes) purpureus;-23.978.347;-5.656.932;2008;;;
Alto Paranį;Santa Fé;Gleva 12 General Dķaz/Estancia Dorila;Sabethes (Sabethes) albiprivus;-251.460.596;-544.870.987;2009;;;
Alto Paranį;Santa Fé;Gleva 12 General Dķaz/Estancia Dorila;Sabethes (Sabethoides) glaucodaemon;-251.460.596;-544.870.987;2009;;;
Paraguarķ;Escobar;;Sabethes (Sabethoides) chloropterus;-25.668.857;-57.025.851;2009;;;
Caazapį;San Juan Nepomuceno;Zanja pyta_Estancia La Lejana;Psorophora (Janthinosoma) ferox;-26.322.790;-5,597,329;2010;;;
San Pedro;Puerto Antequera;Fatima;Psorophora (Janthinosoma) ferox;-2.408.034;-57.201.587;2019;4;11;7H
San Pedro;Puerto Antequera;Fatima;Ochlerotatus (Ochlerotatus) scapularis;-2.408.034;-57.201.587;2019;10;17;
Alto Paranį;Hernandarias;Fazenda San Juan;Sabethes (Sabethes) belisarioi;-25.315.068;-54.777.893;2009;;;
Alto Paranį;Hernandarias;Fazenda San Juan;Ochlerotatus (Chrysoconops) fulvus;-25.315.068;-54.777.893;2009;;;
Alto Paranį;Hernandarias;Fazenda San Juan;Sabethes (Sabethoides) glaucodaemon;-25.315.068;-54.777.893;2009;;;
Alto Paranį;Mbaracayś;Gleva 3;Haemagogus (Conopostegus) leucocelaenus;-2.506.373;-5.472.775;2011;;;
Caaguazś;Repatriación;General Delgado;Haemagogus (Haemagogus) spegazzinii;-25.606.918;-55.975.421;2008;;;
Caaguazś;Repatriación;General Delgado;Psorophora (Janthinosoma) ferox;-25.606.918;-55.975.421;2008;;;
Caaguazś;Repatriación;General Delgado;Sabethes (Sabethes) belisarioi;-25.606.918;-55.975.421;2008;;;
Caaguazś;Repatriación;General Delgado;Sabethes (Sabethoides) chloropterus;-25.606.918;-55.975.421;2008;;;
Caaguazś;Repatriación;General Delgado;Sabethes (Sabethinus) intermedius;-25.606.918;-55.975.421;2008;;;
Caaguazś;Repatriación;General Delgado;Sabethes (Sabethes) purpureus;-25.606.918;-55.975.421;2008;;;
Caaguazś;Repatriación;General Delgado;Sabethes (Sabethes) quasicyaneus;-25.606.918;-55.975.421;2008;;;
Alto Paranį;Mbaracayś;Guaranta 1/Colonia guarani;Sabethes (Sabethes) quasicyaneus;-249.975;-5.450.875;2008;;;
Alto Paranį;Mbaracayś;Guaranta 1/Colonia guarani;Sabethes (Sabethes) albiprivus;-249.975;-5.450.875;2008;;;
Caaguazś;Caaguazś;Itį Planchón;Haemagogus (Conopostegus) leucocelaenus;-25.569.067;-56.131.746;2008;;;
Caaguazś;Caaguazś;Itį Planchón;Haemagogus (Conopostegus) leucocelaenus;-25.569.067;-56.131.746;2008;;;
Caaguazś;Caaguazś;Itį Planchón;Psorophora (Janthinosoma) ferox;-25.569.067;-56.131.746;2008;;;
Caaguazś;Caaguazś;Itį Planchón;Sabethes (Sabethes) bipartipes;-25.569.067;-56.131.746;2008;;;
Caaguazś;Caaguazś;Itį Planchón;Sabethes (Sabethoides) chloropterus;-25.569.067;-56.131.746;2008;;;
Caaguazś;Caaguazś;Itį Planchón;Sabethes (Sabethinus) intermedius;-25.569.067;-56.131.746;2008;;;
Alto Paranį;San Alberto;Itaipś Pora;Sabethes (Sabethes) quasicyaneus;-2.483.109;-5.446.216;2012;;;
Alto Paranį;San Alberto;Itaipś Pora;Sabethes (Sabethes) belisarioi;-2.483.109;-5.446.216;2012;;;
Boquerón;Filadelfia;La Amistad;Ochlerotatus (Chrysoconops) fulvus;-22.362.606;-60.020.807;2018;;;
San Pedro;Choré;La Nińa;Psorophora (Janthinosoma) ferox;-24.095.218;-56.732.272;2008;;;
Alto Paranį;Juan León Mallorquin;La Victorķa;Sabethes (Sabethes) belisarioi;-25.517.939;-55.350.732;2008;;;
Alto Paranį;Juan León Mallorquin;La Victorķa;Sabethes (Sabethoides) chloropterus;-25.517.939;-55.350.732;2008;;;
Alto Paranį;Juan León Mallorquin;La Victorķa;Sabethes (Sabethoides) glaucodaemon;-25.517.939;-55.350.732;2008;;;
Alto Paranį;Juan León Mallorquin;La Victorķa;Sabethes (Sabethes) quasicyaneus;-25.517.939;-55.350.732;2008;;;
Guairį;Colonia Independecia;Las Mercedes;Sabethes (Sabethoides) glaucodaemon;-25.718.356;-56.217.789;2020;11;9;1H
Guairį;Colonia Independecia;Las Mercedes;Haemagogus (Conopostegus) leucocelaenus;-25.718.356;-56.217.789;2020;11;10;1H
Guairį;Colonia Independecia;Las Mercedes;Sabethes (Sabethes) albiprivus;-25.718.356;-56.217.789;2020;11;10;1H
Guairį;Colonia Independecia;Las Mercedes;Sabethes (Sabethinus) intermedius;-25.719.715;-56.218.346;2020;11;12;2H
Guairį;Colonia Independecia;Las Mercedes;Sabethes (Sabethoides) glaucodaemon;-25.719.715;-56.218.346;2020;11;12;2H
Guairį;Colonia Independecia;Las Mercedes;Psorophora (Janthinosoma) ferox;-25.719.715;-56.218.346;2020;11;12;2H
Paraguarķ;Paraguarķ;Mbatovi;Sabethes (Sabethes) albiprivus;-25.556.783;-57.146.397;2016;;;
Paraguarķ;Paraguarķ;Mbatovi;Sabethes (Sabethes) quasicyaneus;-25.556.783;-57.146.397;2016;;;
Paraguarķ;Paraguarķ;Mbatovi;Haemagogus (Haemagogus) spegazzinii;-25.556.783;-57.146.397;2016;;;
Alto Paranį;Naranjal;Naranjal;Sabethes (Sabethinus) intermedius;-2.597.428;-5.518.685;2009;;;
Amambay;Capitan Bado;Obrero;Sabethes (Sabethoides) chloropterus;-23.268.388;-55.547.987;2018;;;
Amambay;Capitan Bado;Obrero;Sabethes (Sabethes) quasicyaneus;-23.268.388;-55.547.987;2018;;;
Amambay;Capitan Bado;Obrero;Sabethes (Sabethoides) glaucodaemon;-23.268.388;-55.547.987;2018;;;
Amambay;Capitan Bado;Obrero;Wyeomyia (Triamyia) aporonoma;-23.268.388;-55.547.987;2018;;;
Amambay;Capitan Bado;Obrero;Sabethes (Sabethes) quasicyaneus;-23.268.388;-55.547.987;2018;9;21;
Alto Paranį;Itakyry;Paraguay Pyahś;Ochlerotatus (Chrysoconops) fulvus;-24.821.893;-55.277.869;2011;;;
Alto Paranį;Itakyry;Paso Cadena;Sabethes (Sabethoides) chloropterus;-24.971.271;-55.318.464;2018;;;
Alto Paranį;Itakyry;Paso Cadena;Sabethes (Sabethoides) glaucodaemon;-24.971.271;-55.318.464;2018;;;
Alto Paranį;Itakyry;Paso Cadena;Psorophora (Janthinosoma) ferox;-24.971.271;-55.318.464;2018;;;
Alto Paranį;Itakyry;Paso Cadena;Psorophora (Janthinosoma) ferox;-24.971.271;-55.318.464;2018;;;
Alto Paranį;Itakyry;Paso Cadena;Ochlerotatus (Ochlerotatus) scapularis;-24.979.768;-55.309.336;2019;6;5;1H
Alto Paranį;Itakyry;Paso Cadena;Ochlerotatus (Ochlerotatus) scapularis;-24.979.768;-55.309.336;2019;6;5;
Alto Paranį;Itakyry;Paso Cadena;Ochlerotatus (Ochlerotatus) scapularis;-24.979.768;-55.309.336;2019;9;3;
Alto Paranį;Itakyry;Paso Cadena;Sabethes (Sabethoides) chloropterus;-24.979.768;-55.309.336;2019;11;28;
Alto Paranį;Itakyry;Paso Cadena;Sabethes (Sabethes) belisarioi;-2.496.782.683;-5.533.240.557;2017;;;
Caaguazś;Repatriación;Pindoķ;Sabethes (Sabethoides) glaucodaemon;-25.548.780;-55.666.067;2016;;;
Presidente Hayes;Villa Hayes;Pozo Colorado;Haemagogus (Haemagogus) spegazzinii;-234.919.568;-587.150.808;2022;9;20;1H
Presidente Hayes;Villa Hayes;Pozo Colorado;Haemagogus (Haemagogus) spegazzinii;-23.502.388;-58.783.191;2022;9;22;1H
Boquerón;Filadelfia;Primavera;Haemagogus (Haemagogus) spegazzinii;-2.238.447;-6.002.718;2018;;;
Boquerón;Filadelfia;Primavera;Psorophora (Janthinosoma) ferox;-2.238.447;-6.002.718;2018;;;
Alto Paranį;Mbaracayś;Puerto Indio;Sabethes (Sabethes) belisarioi;-2.490.852;-5.446.954;2012;;;
Alto Paranį;Mbaracayś;Puerto Indio;Sabethes (Sabethinus) intermedius;-2.490.852;-5.446.954;2012;;;
Alto Paranį;Mbaracayś;Puerto Indio;Sabethes (Sabethes) belisarioi;-2.490.613;-544.574;2009;;;
Alto Paranį;Mbaracayś;Puerto Indio;Sabethes (Sabethes) albiprivus;-2.490.613;-544.574;2009;;;
Alto Paranį;Mbaracayś;Puerto Indio;Psorophora (Janthinosoma) ferox;-2.490.613;-544.574;2009;;;
Canindeyś;Puerto Adela;Puerto Adela;Sabethes (Sabethoides) glaucodaemon;-24.460.798;-54.351.523;2021;8;7;7H
Canindeyś;Puerto Adela;Puerto Adela;Sabethes (Sabethoides) glaucodaemon;-24.460.798;-54.351.523;2021;2;25;4H
Itapśa;Bella Vista Sur;Puerto Bella Vista;Psorophora (Janthinosoma) ferox;-2.706.948;-5.546.133;2011;;;
Itapśa;Bella Vista Sur;Puerto Bella Vista;Sabethes (Sabethinus) intermedius;-2.706.948;-5.546.133;2011;;;
Alto Paranį;Hernandarias;Refugio Biológico Tati Yupi;Sabethes (Sabethoides) glaucodaemon;-2.536.680.848;-5.458.219.198;2020;;;
Alto Paranį;Hernandarias;Refugio Biológico Tati Yupi;Sabethes (Sabethes) albiprivus;-25.364.491;-54.579.548;2020;;;
Alto Paranį;Hernandarias;Refugio Biológico Tati Yupi;Haemagogus (Conopostegus) leucocelaenus;-2.536.680.848;-5.458.219.198;2020;;;
Alto Paranį;Hernandarias;Refugio Biológico Tati Yupi;Sabethes (Sabethes) belisarioi;-25.364.491;-54.579.548;2020;;;
Alto Paranį;Hernandarias;Refugio Biológico Tati Yupi;Limatus durhamii;-25.364.491;-54.579.548;2020;;;
Alto Paranį;Hernandarias;Refugio Biológico Tati Yupi;Limatus durhamii;-2.536.680.848;-5.458.219.198;2020;;;
Misiones;Ayolas;Refugio Faunķstico Atinguy;Sabethes (Sabethoides) glaucodaemon;-27.343.072;-56.689.031;2019;3;28;3H
Misiones;Ayolas;Refugio Faunķstico Atinguy;Psorophora (Janthinosoma) albigenu;-27.343.072;-56.689.031;2019;3;28;
Misiones;Ayolas;Refugio Faunķstico Atinguy;Psorophora (Janthinosoma) ferox;-27.343.072;-56.689.031;2019;3;28;
Capital;Asunción;Ricardo Brugada;Haemagogus (Haemagogus) spegazzinii;-25.281.471;-57.620.086;2017;;;
Cordillera;Tobati;Rosado Ruguį;Ochlerotatus (Chrysoconops) fulvus;-2.528.589;-5.711.002;2008;;;
Alto Paranį;San Alberto;Reserva Biológica Limoy;Sabethes (Sabethinus) intermedius;-2.475.009;-54.473.343;2011;;;
Alto Paranį;San Alberto;Reserva Biológica Limoy;Sabethes (Sabethes) belisarioi;-2.475.009;-54.473.343;2009;;;
Alto Paranį;San Alberto;Reserva Biológica Limoy;Sabethes (Sabethes) albiprivus;-2.475.009;-54.473.343;2009;;;
Alto Paranį;San Alberto;Reserva Biológica Limoy;Sabethes (Sabethoides) chloropterus;-2.475.009;-54.473.343;2009;;;
Alto Paranį;San Alberto;Reserva Biológica Limoy;Psorophora (Janthinosoma) ferox;-2.475.009;-54.473.343;2009;;;
Alto Paranį;San Alberto;Reserva Biológica Limoy;Haemagogus (Conopostegus) leucocelaenus;-2.475.009;-54.473.343;2009;;;
Caazapį;San Juan Nepomuceno;San agustin;Wyeomyia (Triamyia) aporonoma;-26.125.141;-55.931.257;2018;;;
Caazapį;San Juan Nepomuceno;San Agustin;Ochlerotatus (Chrysoconops) fulvus;-26.125.141;-55.931.257;2019;;;
Caazapį;San Juan Nepomuceno;San Agustin;Psorophora (Janthinosoma) ferox;-26.125.141;-55.931.257;2019;;;
Caazapį;San Juan Nepomuceno;San Agustin;Psorophora (Janthinosoma) albigenu;-26.125.141;-55.931.257;2019;;;
Caazapį;San Juan Nepomuceno;San Agustin;Psorophora (Janthinosoma) albigenu;-26.125.141;-55.931.257;2019;;;
Caazapį;San Juan Nepomuceno;San Agustin;Sabethes (Sabethoides) glaucodaemon;-26.125.141;-55.931.257;2019;;;
Caazapį;San Juan Nepomuceno;San Agustin;Ochlerotatus (Ochlerotatus) scapularis;-26.125.141;-55.931.257;2019;9;23;
Caazapį;San Juan Nepomuceno;San Agustin;Ochlerotatus (Ochlerotatus) scapularis;-26.125.141;-55.931.257;2019;9;25;
Caazapį;San Juan Nepomuceno;San Agustin;Sabethes (Sabethinus) intermedius;-26.125.141;-55.931.257;2019;9;26;57H
Caazapį;San Juan Nepomuceno;San Agustin;Sabethes (Sabethoides) glaucodaemon;-26.125.141;-55.931.257;2019;9;26;2H
Caazapį;San Juan Nepomuceno;San Agustin;Ochlerotatus (Complejo)serratus;-26.125.141;-55.931.257;2019;9;26;12H
Caazapį;San Juan Nepomuceno;San Agustin;Ochlerotatus (Ochlerotatus) scapularis;-26.125.141;-55.931.257;2019;9;26;22H
Caazapį;San Juan Nepomuceno;San Agustin;Ochlerotatus (Complejo)hastatus;-26.125.141;-55.931.257;2019;9;26;5H
Caazapį;San Juan Nepomuceno;San Agustin;Psorophora (Janthinosoma) ferox;-26.125.141;-55.931.257;2019;9;26;8H
Misiones;Ayolas;San Antonio;Psorophora (Janthinosoma) albigenu;-27.395.262;-56.843.533;2018;;;
Misiones;Ayolas;San Antonio;Ochlerotatus (Chrysoconops) fulvus;-27.395.262;-56.843.533;2018;;;
Misiones;Ayolas;San Antonio;Sabethes (Sabethoides) chloropterus;-27.395.262;-56.843.533;2018;;;
Misiones;Ayolas;San Antonio;Psorophora (Janthinosoma) ferox;-27.395.262;-56.843.533;2018;;;
Misiones;Ayolas;San Antonio;Psorophora (Janthinosoma) albigenu;-27.395.262;-56.843.533;2018;;;
Misiones;Ayolas;San Antonio;Ochlerotatus (Chrysoconops) fulvus;-27.395.262;-56.843.533;2018;;;
Misiones;Ayolas;San Antonio;Psorophora (Janthinosoma) albigenu;-27.395.262;-56.843.533;2018;;;
Misiones;Ayolas;San Antonio;Psorophora (Janthinosoma) ferox;-27.395.262;-56.843.533;2018;;;
Misiones;Ayolas;San Antonio;Sabethes (Sabethoides) chloropterus;-27.395.262;-56.843.533;2017;;;
Misiones;Ayolas;San Antonio;Psorophora (Janthinosoma) albigenu;-27.395.262;-56.843.533;2019;3;25;
Misiones;Ayolas;San Antonio;Psorophora (Janthinosoma) ferox;-27.395.262;-56.843.533;2019;;;
Misiones;Ayolas;San Antonio;Psorophora (Janthinosoma) albigenu;-27.395.262;-56.843.533;2019;;;
Misiones;Ayolas;San Antonio;Ochlerotatus (Ochlerotatus) scapularis;-27.395.262;-56.843.533;2020;6;13;92H
Misiones;Ayolas;San Antonio;Psorophora (Janthinosoma) ferox;-27.395.262;-56.843.533;2020;6;13;28H
Misiones;Ayolas;San Antonio;Psorophora (Janthinosoma) albigenu;-27.395.262;-56.843.533;2020;6;13;22H
Concepción;Concepción;San Antonio;Ochlerotatus (Chrysoconops) fulvus;-23.415.783;-57.449.614;2020;11;30;3H
Paraguarķ;Paraguarķ;San Francisco;Ochlerotatus (Chrysoconops) fulvus;-25.626.445;-57.140.561;2021;5;3;
Paraguarķ;Paraguarķ;San Francisco;Psorophora (Janthinosoma) ferox;-25.626.445;-57.140.561;2021;5;3;
Paraguarķ;Paraguarķ;San Francisco;Psorophora (Janthinosoma) ferox;-25.625.324;-57.141.165;2021;12;14;4H
Paraguarķ;Paraguarķ;San Francisco;Ochlerotatus (Chrysoconops) fulvus;-25.625.324;-57.141.165;2021;12;14;3H
Paraguarķ;Paraguarķ;San Francisco;Ochlerotatus (Chrysoconops) fulvus;-25.625.324;-57.141.165;2021;12;14;2H
Paraguarķ;Paraguarķ;San Francisco;Psorophora (Janthinosoma) ferox;-25.625.324;-57.141.165;2021;12;15;1H
Paraguarķ;Paraguarķ;San Francisco;Haemagogus (Haemagogus) celeste;-25.625.324;-57.141.165;2021;12;16;1H
Paraguarķ;Paraguarķ;San Francisco;Psorophora (Janthinosoma) ferox;-25.625.324;-57.141.165;2021;12;16;22H
Paraguarķ;Paraguarķ;San Francisco;Sabethes (Sabethes) albiprivus;-25.625.324;-57.141.165;2021;12;16;6H
Concepción;Concepción;San Jorge;Haemagogus (Haemagogus) celeste;-23.411.901;-57.417.341;2020;3;12;6H
Concepción;Concepción;San Jorge;Psorophora (Janthinosoma) ferox;-23.411.901;-57.417.341;2020;3;12;6H
Concepción;Concepción;San Jorge;Ochlerotatus (Chrysoconops) fulvus;-23.411.901;-57.417.341;2020;3;12;6H
Concepción;Concepción;San Jorge;Psorophora (Janthinosoma) ferox;-23.411.901;-57.417.341;2021;10;14;3H
Misiones;Ayolas;San José;Sabethes (Sabethoides) chloropterus;-27.405.264;-56.858.587;2018;;;
Misiones;Ayolas;San José;Wyeomyia (Triamyia) aporonoma;-27.405.264;-56.858.587;2018;;;
San Pedro;Capiibary;San José;Psorophora (Janthinosoma) ferox;-24.726.369;-56.021.766;2008;;;
San Pedro;Capiibary;San José;Sabethes (Sabethes) amazonicus;-24.726.369;-56.021.766;2008;;;
San Pedro;Capiibary;San José;Sabethes (Sabethinus) intermedius;-24.726.369;-56.021.766;2008;;;
Cordillera;Eusebio Ayala;San Rafael;Haemagogus (Conopostegus) leucocelaenus;-253.856.705;-569.669.036;2017;2;22;1H
Cordillera;Eusebio Ayala;San Rafael;Sabethes (Sabethes) albiprivus;-253.856.705;-569.669.036;2017;2;22;17H
Cordillera;Eusebio Ayala;San Rafael;Sabethes (Sabethoides) glaucodaemon;-253.856.705;-569.669.036;2017;2;22;3H
Cordillera;Eusebio Ayala;San Rafael;Sabethes (Sabethes) quasicyaneus;-253.856.705;-569.669.036;2017;2;22;5H
Cordillera;Eusebio Ayala;San Rafael;Psorophora (Janthinosoma) ferox;-253.856.705;-569.669.036;2017;2;22;8H
Cordillera;Eusebio Ayala;San Rafael;Haemagogus (Conopostegus) leucocelaenus;-253.856.705;-569.669.036;2017;2;23;7H
Cordillera;Eusebio Ayala;San Rafael;Sabethes (Sabethes) albiprivus;-253.856.705;-569.669.036;2017;2;23;16H
Cordillera;Eusebio Ayala;San Rafael;Sabethes (Sabethoides) glaucodaemon;-253.856.705;-569.669.036;2017;2;23;3H
Cordillera;Eusebio Ayala;San Rafael;Sabethes (Sabethoides) chloropterus;-253.856.705;-569.669.036;2017;2;23;5H
Cordillera;Eusebio Ayala;San Rafael;Psorophora (Janthinosoma) ferox;-253.856.705;-569.669.036;2017;2;23;12H
Cordillera;Eusebio Ayala;San Rafael;Sabethes (Sabethes) quasicyaneus;-253.856.705;-569.669.036;2018;;;
Cordillera;Eusebio Ayala;San Rafael;Psorophora (Janthinosoma) ferox;-253.856.705;-569.669.036;2018;;;
Cordillera;Eusebio Ayala;San Rafael;Sabethes (Sabethes) quasicyaneus;-253.856.705;-569.669.036;2018;;;
Cordillera;Eusebio Ayala;San Rafael;Sabethes (Sabethoides) chloropterus;-253.856.705;-569.669.036;2018;;;
Cordillera;Eusebio Ayala;San Rafael;Psorophora (Janthinosoma) ferox;-253.856.705;-569.669.036;2018;;;
Cordillera;Eusebio Ayala;San Rafael;Sabethes (Sabethes) albiprivus;-253.856.705;-569.669.036;2018;;;
Cordillera;Eusebio Ayala;San Rafael;Haemagogus (Haemagogus) celeste;-253.856.705;-569.669.036;2018;11;5;
Cordillera;Eusebio Ayala;San Rafael;Sabethes (Sabethes) quasicyaneus;-253.856.705;-569.669.036;2018;11;5;
Cordillera;Eusebio Ayala;San Rafael;Sabethes (Sabethoides) glaucodaemon;-253.856.705;-569.669.036;2018;11;5;
Cordillera;Eusebio Ayala;San Rafael;Ochlerotatus (Chrysoconops) fulvus;-253.856.705;-569.669.036;2019;4;22;
Cordillera;Eusebio Ayala;San Rafael;Psorophora (Janthinosoma) ferox;-253.856.705;-569.669.036;2019;4;24;1H
Cordillera;Eusebio Ayala;San Rafael;Ochlerotatus (Ochlerotatus) scapularis;-253.856.705;-569.669.036;2019;7;15;
Cordillera;Eusebio Ayala;San Rafael;Ochlerotatus (Ochlerotatus) scapularis;-253.856.705;-569.669.036;2019;7;16;
Cordillera;Eusebio Ayala;San Rafael;Ochlerotatus fluviatilis;-253.856.705;-569.669.036;2019;10;1;1H
Ńeembucś;Pilar;San Vicente;Ochlerotatus (Ochlerotatus) scapularis;-26.847.800;-58.297.900;2020;8;26;2H
Ńeembucś;Pilar;San Vicente;Ochlerotatus (Ochlerotatus) scapularis;-26.847.800;-58.297.900;2020;8;27;
Ńeembucś;Pilar;San Vicente;Ochlerotatus (Ochlerotatus) scapularis;-26.847.800;-58.297.900;2020;8;28;
Ńeembucś;Pilar;San Vicente;Ochlerotatus (Complejo)serratus;-26.847.800;-58.297.900;2020;8;28;
Ńeembucś;Pilar;San Vicente;Ochlerotatus (Ochlerotatus) scapularis;-26.847.800;-58.297.900;2020;8;29;38H
Ńeembucś;Pilar;San Vicente;Ochlerotatus (Complejo)serratus;-26.847.800;-58.297.900;2019;11;14;7H
Ńeembucś;Pilar;San Vicente;Psorophora (Janthinosoma) albigenu;-26.847.800;-58.297.900;2019;11;14;5H
Ńeembucś;Pilar;San Vicente;Psorophora (Janthinosoma) ferox;-26.847.800;-58.297.900;2019;11;14;58H
Ńeembucś;Pilar;San Vicente;Haemagogus (Haemagogus) celeste;-26.847.800;-58.297.900;2019;11;14;4H
Ńeembucś;Pilar;San Vicente;Psorophora (Janthinosoma) ferox;-26.847.800;-58.297.900;2020;12;3;3H
Ńeembucś;Pilar;San Vicente;Psorophora (Janthinosoma) ferox;-26.847.800;-58.297.900;2020;10;9;1H
Ńeembucś;Pilar;San Vicente;Haemagogus (Haemagogus) celeste;-26.847.800;-58.297.900;2021;11;3;1H
Ńeembucś;Pilar;San Vicente;Psorophora (Janthinosoma) ferox;-26.847.800;-58.297.900;2021;11;3;1H
Ńeembucś;Pilar;San Vicente;Haemagogus (Haemagogus) celeste;-26.847.800;-58.297.900;2021;9;11;1H
Ńeembucś;Pilar;San Vicente;Haemagogus (Haemagogus) celeste;-26.847.800;-58.297.900;2021;11;11;1H
Ńeembucś;Pilar;San Vicente;Psorophora (Janthinosoma) ferox;-26.847.800;-58.297.900;2021;11;11;7H
Caaguazś;Raśl Arsenio Oviedo;santa teresa;Psorophora (Janthinosoma) ferox;-250.968.412.099.539;-5.558.056.244;2022;5;26;2H
Caaguazś;Raśl Arsenio Oviedo;santa teresa;Ochlerotatus (Complejo)serratus;-2.508.008.865;-5.561.169.845;2022;8;2;
Caaguazś;Raśl Arsenio Oviedo;santa teresa;Sabethes (Sabethes) albiprivus;-2.509.684.121;-5.558.056.244;2022;11;17;2H
Caaguazś;Raśl Arsenio Oviedo;santa teresa;Psorophora (Janthinosoma) ferox;-2.509.684.121;-5.558.056.244;2022;11;17;17H
San Pedro;Guayaybi;Santo Domingo;Psorophora (Janthinosoma) ferox;-24.507.876;-56.424.227;2008;;;
San Pedro;Guayaybi;Santo Domingo;Sabethes (Sabethoides) chloropterus;-24.507.876;-56.424.227;2008;;;
San Pedro;Guayaybi;Santo Domingo;Sabethes (Sabethinus) intermedius;-24.507.876;-56.424.227;2008;;;
San Pedro;Guayaybi;Santo Domingo;Sabethes (Sabethes) quasicyaneus;-24.507.876;-56.424.227;2008;;;
San Pedro;Puerto Antequera;Santo Domingo;Ochlerotatus (Ochlerotatus) scapularis;-24.090.193;-57.205.866;2019;10;14;
San Pedro;Puerto Antequera;Santo Domingo;Ochlerotatus (Ochlerotatus) scapularis;-24.090.193;-57.205.866;2019;10;15;
San Pedro;Puerto Antequera;Santo Domingo;Ochlerotatus (Ochlerotatus) scapularis;-24.090.193;-57.205.866;2019;10;15;
Caaguazś;Mariscal López;Santa Juana;Sabethes (Sabethes) purpureus;-25.179.663;-55.180.227;2008;;;
Caaguazś;Mariscal López;Santa Juana;Sabethes (Sabethinus) intermedius;-25.179.663;-55.180.227;2008;;;
Paraguarķ;Tebicuarymķ;Tebicuarymķ;Psorophora (Janthinosoma) ferox;-25.920.657;-56.665.495;2022;6;20;8H
Paraguarķ;Tebicuarymķ;Tebicuarymķ;Ochlerotatus (Complejo)serratus;-25.920.657;-56.665.495;2022;6;21;3H
Paraguarķ;Tebicuarymķ;Tebicuarymķ;Psorophora (Janthinosoma) ferox;-25.920.657;-56.665.495;2022;6;21;5H
Paraguarķ;Tebicuarymķ;Tebicuarymķ;Psorophora (Janthinosoma) ferox;-25.920.657;-56.665.495;2022;6;21;5H
Paraguarķ;Tebicuarymķ;Tebicuarymķ;Psorophora (Janthinosoma) ferox;-25.913.823;-56.697.615;2022;6;22;3H
Paraguarķ;Tebicuarymķ;Tebicuarymķ;Sabethes (Sabethes) albiprivus;-25.916.556;-5.669.901;2022;6;23;3H
Paraguarķ;Tebicuarymķ;Tebicuarymķ;Ochlerotatus (Chrysoconops) fulvus;-25.916.556;-5.669.901;2022;6;23;1H
Paraguarķ;Tebicuarymķ;Tebicuarymķ;Ochlerotatus (Complejo)serratus;-25.916.556;-5.669.901;2022;6;23;5H
Paraguarķ;Tebicuarymķ;Tebicuarymķ;Psorophora (Janthinosoma) ferox;-25.916.556;-5.669.901;2022;6;23;17H
Paraguarķ;Tebicuarymķ;Tebicuarymķ;Sabethes (Sabethinus) intermedius;-25.920.657;-56.665.495;2022;7;9;1H
Paraguarķ;Tebicuarymķ;Tebicuarymķ;Sabethes (Sabethinus) intermedius;-25.916.556;-5.669.901;2022;8;9;3H
Paraguarķ;Tebicuarymķ;Tebicuarymķ;Sabethes (Sabethoides) glaucodaemon;-25.916.556;-5.669.901;2022;8;9;17H
Paraguarķ;Tebicuarymķ;Tebicuarymķ;Sabethes (Sabethes) albiprivus;-25.916.556;-5.669.901;2022;8;9;5H
Paraguarķ;Tebicuarymķ;Tebicuarymķ;Psorophora (Janthinosoma) ferox;-25.916.556;-5.669.901;2022;8;9;5H
Cordillera;Eusebio Ayala;Teju vy;Psorophora (Janthinosoma) ferox;-25.361.090;-56.971.350;2015;;;
Cordillera;Eusebio Ayala;Teju vy;Sabethes (Sabethes) albiprivus;-25.361.090;-56.971.350;2015;;;
Alto Paranį;Ńacunday;Toro Cuį;Sabethes (Sabethes) belisarioi;-26.092.379;-54.679.872;2009;;;
Alto Paranį;Ńacunday;Toro Cuį;Sabethes (Sabethoides) chloropterus;-26.092.379;-54.679.872;2009;;;
Alto Paranį;Ńacunday;Toro Cuį;Sabethes (Sabethoides) glaucodaemon;-26.092.379;-54.679.872;2009;;;
Alto Paranį;Hernandarias;Tory Vete;Psorophora (Janthinosoma) ferox;-25.333.466;-5.492.669;2008;;;
Alto Paranį;Hernandarias;Tory Vete;Sabethes (Sabethoides) glaucodaemon;-25.333.466;-5.492.669;2008;;;
Alto Paranį;Minga Porį;San Lorenzo/Troncal 3;Psorophora (Janthinosoma) ferox;-2.471.515;-5.487.573;2011;;;
Alto Paranį;Minga Porį;San Lorenzo/Troncal 3;Sabethes (Sabethes) belisarioi;-2.471.515;-5.487.573;2011;;;
Alto Paranį;Minga Porį;San Lorenzo/Troncal 3;Ochlerotatus (Chrysoconops) fulvus;-2.471.515;-5.487.573;2011;;;
Alto Paranį;Minga Porį;San Lorenzo/Troncal 3;Sabethes (Sabethes) belisarioi;-2.471.515;-5.487.573;2011;;;
Alto Paranį;Minga Porį;San Lorenzo/Troncal 3;Ochlerotatus (Chrysoconops) fulvus;-2.471.515;-5.487.573;2011;;;
Central;Ypané;Virgen del Pilar;Psorophora (Janthinosoma) ferox;-25.460.154;-57.510.945;2008;;;
San Pedro;Yrybucuį;Vya Rendį;Sabethes (Sabethinus) intermedius;-24.492.152;-56.219.254;2008;;;
San Pedro;Yrybucuį;Vya Rendį;Sabethes (Sabethes) purpureus;-24.492.152;-56.219.254;2008;;;
San Pedro;Yrybucuį;Vya Rendį;Sabethes (Sabethes) quasicyaneus;-24.492.152;-56.219.254;2008;;;
San Pedro;Yrybucuį;Vya Rendį;Sabethes (Sabethes) purpureus;-24.492.152;-56.219.254;2008;;;
San Pedro;Yrybucuį;Vya Rendį;Sabethes (Sabethoides) glaucodaemon;-24.492.152;-56.219.254;2008;;;
San Pedro;San Pedro de Ycuamandyyś;Yacaré Ńeé;Sabethes (Sabethes) bipartipes;-2.401.242;-5.693.372;2008;;;
San Pedro;San Pedro de Ycuamandyyś;Yacaré Ńeé;Sabethes (Sabethoides) chloropterus;-2.401.242;-5.693.372;2008;;;
San Pedro;San Pedro de Ycuamandyyś;Yacaré Ńeé;Sabethes (Sabethinus) intermedius;-2.401.242;-5.693.372;2008;;;
Caaguazś;San José de los Arroyos;Yhaca;Psorophora (Janthinosoma) ferox;-25.646.865;-56.698.477;2008;;;
Caaguazś;San José de los Arroyos;Yhaca;Sabethes (Sabethoides) glaucodaemon;-25.646.865;-56.698.477;2008;;;
San Pedro;Yrybucuį;Yrybucuį;Sabethes (Sabethoides) glaucodaemon;-24.469.801;-56.090.867;2022;4;26;3H
San Pedro;Yrybucuį;Yrybucuį;Psorophora (Janthinosoma) ferox;-24.469.801;-56.090.867;2022;4;26;2H
San Pedro;Yrybucuį;Yrybucuį;Psorophora (Janthinosoma) ferox;-24.469.801;-56.090.867;2022;4;26;2H
San Pedro;Yrybucuį;Yrybucuį;Ochlerotatus (Chrysoconops) fulvus;-24.469.801;-56.090.867;2022;4;26;1H
San Pedro;Yrybucuį;Yrybucuį;Sabethes (Sabethoides) glaucodaemon;-2.447.415;-56.087.745;2022;4;28;26H
San Pedro;Yrybucuį;Yrybucuį;Psorophora (Janthinosoma) ferox;-2.447.415;-56.087.745;2022;4;28;16H
San Pedro;Yrybucuį;Yrybucuį;Sabethes (Sabethoides) glaucodaemon;-24.470.961;-56.090.181;2022;11;29;5H
San Pedro;Yrybucuį;Yrybucuį;Ochlerotatus () (complejo)serratus;-24.470.961;-56.090.181;2022;11;30;3H
San Pedro;Yrybucuį;Yrybucuį;Sabethes (Sabethoides) glaucodaemon;-24.470.961;-56.090.181;2022;1;12;16H
San Pedro;Yrybucuį;Yrybucuį;Sabethes (Sabethinus) intermedius;-24.470.961;-56.090.181;2022;1;12;7H
San Pedro;Yrybucuį;Yrybucuį;Sabethes (Sabethes) albiprivus;-24.470.961;-56.090.181;2022;1;12;5H
San Pedro;Yrybucuį;Yrybucuį;Psorophora (Janthinosoma) ferox;-24.470.961;-56.090.181;2022;1;12;8H
San Pedro;Yrybucuį;Yrybucuį;Ochlerotatus () (complejo)serratus;-24.470.961;-56.090.181;2022;1;12;14H
San Pedro;Yrybucuį;Yrybucuį;Sabethes (Sabethes) albiprivus;-2.447.415;-56.087.745;2022;7;21;2H
San Pedro;Yrybucuį;Yrybucuį;Sabethes (Sabethoides) glaucodaemon;-2.447.415;-56.087.745;2022;7;21;5H
San Pedro;Yrybucuį;Yrybucuį;Ochlerotatus () (complejo)serratus;-2.447.415;-56.087.745;2022;7;21;3H
Central;Luque;Zįrate Isla;Haemagogus (Haemagogus) spegazzinii;-2.523.803.412;-5.749.537.243;2018;;;
Central;Luque;Zįrate Isla;Sabethes (Sabethoides) chloropterus;-2.523.803.412;-5.749.537.243;2018;;;
Central;Luque;Zįrate Isla;Psorophora (Janthinosoma) ferox;-2.523.803.412;-5.749.537.243;2018;;;
Central;Luque;Zįrate Isla;Ochlerotatus (Chrysoconops) fulvus;-2.523.803.412;-5.749.537.243;2018;;;
Central;Luque;Zįrate Isla;Psorophora (Janthinosoma) ferox;-2.523.803.412;-5.749.537.243;2018;;;
Central;Luque;Zįrate Isla;Psorophora (Janthinosoma) ferox;-2.523.803.412;-5.749.537.243;2018;;;
Central;Luque;Zįrate Isla;Psorophora (Janthinosoma) ferox;-2.523.803.412;-5.749.537.243;2018;;;
Central;Luque;Zįrate Isla;Ochlerotatus (Chrysoconops) fulvus;-2.523.803.412;-5.749.537.243;2018;;;
Central;Luque;Zįrate Isla;Psorophora (Janthinosoma) ferox;-2.523.803.412;-5.749.537.243;2019;;;14H
Central;Luque;Zįrate Isla;Psorophora (Janthinosoma) ferox;-2.523.803.412;-5.749.537.243;2019;;;26H
Alto Paranį;Ńacunday;Agrotoro;Sabethes (Sabethes) belisarioi;-2.610.876;-5.476.164;2008;;;
Cordillera;Eusebio Ayala;;Psorophora (Janthinosoma) ferox;-25.361.090;-56.971.350;2015;;;
Cordillera;Eusebio Ayala;;Sabethes (Sabethes) albiprivus;-25.361.090;-56.971.350;2015;;;
Itapśa;Bella Vista;;Sabethes (Sabethinus) intermedius;-2.699.507;-5.554.541;2009;;;
Itapśa;Bella Vista;;Sabethes (Sabethinus) intermedius;-2.699.507;-5.554.541;2009;;;
Itapśa;Bella Vista;;Sabethes (Sabethinus) intermedius;-2.699.507;-5.554.541;2009;;;
Itapśa;Bella Vista;;Sabethes (Sabethinus) intermedius;-2.699.507;-5.554.541;2009;;;
Itapśa;Bella Vista;;Sabethes (Sabethinus) intermedius;-2.699.507;-5.554.541;2009;;;
Cordillera;Caacupé;;Sabethes (Sabethoides) chloropterus;-2.538.041;-5.712.672;2009;;;
Caaguazś;Caaguazś;;Psorophora (Janthinosoma) ferox;-25.419.111;-56.051.726;2009;;;
Caaguazś;Caaguazś;;Psorophora (Janthinosoma) ferox;-25.419.111;-56.051.726;2009;;;
Caaguazś;Caaguazś;;Sabethes (Sabethes) bipartipes;-25.419.111;-56.051.726;2008;;;
Caaguazś;Caaguazś;;Sabethes (Sabethoides) chloropterus;-25.419.111;-56.051.726;2008;;;
Caaguazś;Caaguazś;;Sabethes (Sabethoides) chloropterus;-25.419.111;-56.051.726;2008;;;
Caaguazś;Caaguazś;;Sabethes (Sabethoides) chloropterus;-25.419.111;-56.051.726;2008;;;
Caaguazś;Caaguazś;;Sabethes (Sabethinus) intermedius;-25.419.111;-56.051.726;2008;;;
San Pedro;Capiibary;;Sabethes (Sabethes) amazonicus;-24.745.844;-5.599.161;2008;;;
San Pedro;Capiibary;;Sabethes (Sabethinus) intermedius;-24.745.844;-5.599.161;2008;;;
Alto Paraguay;Carmelo Peralta;;Ochlerotatus (Ochlerotatus) scapularis;-21.685.925;-57.897.644;2020;7;8;1H
Alto Paraguay;Carmelo Peralta;;Ochlerotatus (Ochlerotatus) scapularis;-21.685.925;-57.897.644;2020;7;8;
Alto Paraguay;Carmelo Peralta;;Ochlerotatus (Ochlerotatus) scapularis;-21.685.925;-57.897.644;2020;7;9;
Alto Paraguay;Carmelo Peralta;;Ochlerotatus (Ochlerotatus) scapularis;-21.685.925;-57.897.644;2020;7;10;3H
Alto Paraguay;Carmelo Peralta;;Ochlerotatus (Ochlerotatus) scapularis;-21.685.925;-57.897.644;2020;9;11;38H
Alto Paraguay;Carmelo Peralta;;Psorophora (Psorophora) ciliata;-21.685.925;-57.897.644;2019;10;28;
Alto Paraguay;Carmelo Peralta;;Psorophora (Psorophora) ciliata;-21.685.925;-57.897.644;2019;10;30;
Alto Paraguay;Carmelo Peralta;;Ochlerotatus (Ochlerotatus) scapularis;-21.685.925;-57.897.644;2019;10;31;9H
Alto Paraguay;Carmelo Peralta;;Ochlerotatus () (Complejo)serratus;-21.685.925;-57.897.644;2019;10;31;2H
Alto Paraguay;Carmelo Peralta;;Psorophora (Janthinosoma) ferox;-21.685.925;-57.897.644;2021;3;25;12H
Alto Paraguay;Carmelo Peralta;;Ochlerotatus () (Complejo)serratus;-21.685.925;-57.897.644;2021;3;25;5H
Alto Paraguay;Carmelo Peralta;;Haemagogus (Haemagogus) spegazzinii;-216.842;-579.754;2008;;;
San Pedro;Choré;;Psorophora (Janthinosoma) ferox;-24.184.282;-56.632.915;2009;;;
San Pedro;Guayaybi;;Psorophora (Janthinosoma) ferox;-24.407.834;-56.348.054;2009;;;
San Pedro;Guayaybi;;Psorophora (Janthinosoma) ferox;-24.407.834;-56.348.054;2009;;;
San Pedro;Guayaybi;;Psorophora (Janthinosoma) ferox;-24.407.834;-56.348.054;2009;;;
San Pedro;Guayaybi;;Sabethes (Sabethoides) chloropterus;-24.407.834;-56.348.054;2008;;;
San Pedro;Guayaybi;;Sabethes (Sabethoides) chloropterus;-24.407.834;-56.348.054;2008;;;
San Pedro;Guayaybi;;Sabethes (Sabethinus) intermedius;-24.407.834;-56.348.054;2008;;;
San Pedro;Guayaybi;;Sabethes (Sabethes) quasicyaneus;-24.407.834;-56.348.054;2008;;;
Alto Paranį;Hernandarias;;Psorophora (Janthinosoma) ferox;-25.315.068;-54.777.893;2009;;;
Alto Paranį;Hernandarias;;Sabethes (Sabethes) belisarioi;-25.315.068;-54.777.893;2008;;;
Alto Paranį;Hernandarias;;Sabethes (Sabethoides) glaucodaemon;-25.315.068;-54.777.893;2009;;;
Alto Paranį;Hernandarias;;Sabethes (Sabethoides) glaucodaemon;-25.315.068;-54.777.893;2009;;;
Central;Itį;;Ochlerotatus (Chrysoconops) fulvus;-25.529.731;-57.374.396;2010;;;
Alto Paranį;Juan León Mallorquin;;Sabethes (Sabethes) belisarioi;-2.548.374;-5.525.454;2008;;;
Alto Paranį;Juan León Mallorquin;;Sabethes (Sabethoides) chloropterus;-2.548.374;-5.525.454;2008;;;
Alto Paranį;Juan León Mallorquin;;Sabethes (Sabethoides) glaucodaemon;-2.548.374;-5.525.454;2008;;;
San Pedro;Lima;;Sabethes (Sabethes) amazonicus;-23.978.347;-5.656.932;2008;;;
San Pedro;Lima;;Sabethes (Sabethinus) intermedius;-23.978.347;-5.656.932;2008;;;
San Pedro;Lima;;Sabethes (Sabethinus) intermedius;-23.978.347;-5.656.932;2008;;;
San Pedro;Lima;;Sabethes (Sabethinus) intermedius;-23.978.347;-5.656.932;2008;;;
San Pedro;Lima;;Sabethes (Sabethinus) intermedius;-23.978.347;-5.656.932;2008;;;
San Pedro;Lima;;Sabethes (Sabethinus) intermedius;-23.978.347;-5.656.932;2008;;;
San Pedro;Lima;;Sabethes (Sabethes) purpureus;-23.978.347;-5.656.932;2008;;;
San Pedro;Lima;;Sabethes (Sabethes) purpureus;-23.978.347;-5.656.932;2008;;;
Alto Paranį;Mbaracayś;;Psorophora (Janthinosoma) ferox;-2.501.529;-5.468.901;2009;;;
Alto Paranį;Mbaracayś;;Psorophora (Janthinosoma) ferox;-2.501.529;-5.468.901;2009;;;
Alto Paranį;Mbaracayś;;Sabethes (Sabethes) albiprivus;-2.501.529;-5.468.901;2008;;;
Alto Paranį;Mbaracayś;;Sabethes (Sabethes) albiprivus;-2.501.529;-5.468.901;2009;;;
Alto Paranį;Mbaracayś;;Sabethes (Sabethes) albiprivus;-2.501.529;-5.468.901;2011;;;
Alto Paranį;Mbaracayś;;Sabethes (Sabethes) belisarioi;-2.501.529;-5.468.901;2012;;;
Alto Paranį;Mbaracayś;;Sabethes (Sabethinus) intermedius;-2.501.529;-5.468.901;2009;;;
Alto Paranį;Mbaracayś;;Sabethes (Sabethes) quasicyaneus;-2.501.529;-5.468.901;2008;;;
Caaguazś;Mariscal López;;Sabethes (Sabethinus) intermedius;-25.179.663;-55.180.227;2008;;;
Caaguazś;Mariscal López;;Sabethes (Sabethinus) intermedius;-25.179.663;-55.180.227;2008;;;
Caaguazś;Mariscal López;;Sabethes (Sabethes) purpureus;-25.179.663;-55.180.227;2008;;;
Caaguazś;Mariscal López;;Sabethes (Sabethes) purpureus;-25.179.663;-55.180.227;2008;;;
Alto Paranį;Ńacunday;;Sabethes (Sabethes) albiprivus;-26.069.444;-54.781.594;2009;;;
Alto Paranį;Ńacunday;;Sabethes (Sabethes) albiprivus;-26.069.444;-54.781.594;2009;;;
Alto Paranį;Ńacunday;;Sabethes (Sabethes) belisarioi;-26.069.444;-54.781.594;2009;;;
Alto Paranį;Ńacunday;;Sabethes (Sabethes) belisarioi;-26.069.444;-54.781.594;2009;;;
Alto Paranį;Ńacunday;;Sabethes (Sabethoides) chloropterus;-26.069.444;-54.781.594;2009;;;
Alto Paranį;Ńacunday;;Sabethes (Sabethoides) chloropterus;-26.069.444;-54.781.594;2009;;;
Alto Paranį;Ńacunday;;Sabethes (Sabethoides) chloropterus;-26.069.444;-54.781.594;2009;;;
Alto Paranį;Ńacunday;;Sabethes (Sabethoides) chloropterus;-26.069.444;-54.781.594;2009;;;
Alto Paranį;Ńacunday;;Sabethes (Sabethoides) glaucodaemon;-26.069.444;-54.781.594;2009;;;
Alto Paranį;Naranjal;;Psorophora (Janthinosoma) ferox;-2.595.503;-55.199;2009;;;
Alto Paranį;Naranjal;;Sabethes (Sabethinus) intermedius;-2.595.503;-55.199;2009;;;
Ńeembucu;Pilar;;Psorophora (Janthinosoma) ferox;-2.689.579;-5.822.216;2012;;;
Canindeyś;Francisco Caballero Įlvarez/Puente Kyjha;;Sabethes (Sabethes) belisarioi;-24.170.573;-54.708.188;2018;;;
Caaguazś;Repatriación;;Psorophora (Janthinosoma) ferox;-25.583.749;-55.803.074;2009;;;
Caaguazś;Repatriación;;Sabethes (Sabethes) belisarioi;-25.583.749;-55.803.074;2008;;;
Caaguazś;Repatriación;;Sabethes (Sabethoides) chloropterus;-25.583.749;-55.803.074;2008;;;
Caaguazś;Repatriación;;Sabethes (Sabethinus) intermedius;-25.583.749;-55.803.074;2008;;;
Caaguazś;Repatriación;;Sabethes (Sabethes) purpureus;-25.583.749;-55.803.074;2008;;;
Caaguazś;Repatriación;;Sabethes (Sabethes) quasicyaneus;-25.583.749;-55.803.074;2008;;;
San Pedro;San Pedro de Ycuamandyyś;;Sabethes (Sabethes) bipartipes;-23.772.088;-57.059.805;2008;;;
San Pedro;San Pedro de Ycuamandyyś;;Sabethes (Sabethoides) chloropterus;-23.772.088;-57.059.805;2008;;;
San Pedro;San Pedro de Ycuamandyyś;;Sabethes (Sabethinus) intermedius;-23.772.088;-57.059.805;2008;;;
Alto Paranį;San Alberto;;Ochlerotatus (Chrysoconops) fulvus;-2.484.847;-5.468.957;2009;;;
Alto Paranį;San Alberto;;Psorophora (Janthinosoma) ferox;-2.484.847;-5.468.957;2009;;;
Alto Paranį;San Alberto;;Psorophora (Janthinosoma) ferox;-2.484.847;-5.468.957;2009;;;
Alto Paranį;San Alberto;;Sabethes (Sabethes) albiprivus;-2.484.847;-5.468.957;2009;;;
Alto Paranį;San Alberto;;Sabethes (Sabethes) belisarioi;-2.484.847;-5.468.957;2010;;;
Alto Paranį;San Alberto;;Sabethes (Sabethoides) chloropterus;-2.484.847;-5.468.957;2009;;;
Alto Paranį;San Alberto;;Sabethes (Sabethinus) intermedius;-2.484.847;-5.468.957;2009;;;
Cordillera;San Bernardino;;Ochlerotatus (Chrysoconops) fulvus;-2.529.313;-5.729.329;2009;;;
Misiones;San Ignacio;;Psorophora (Janthinosoma) ferox;-26.958.446;-57.145.544;2015;;;
Misiones;San Ignacio;;Psorophora (Janthinosoma) ferox;-26.958.446;-57.145.544;2015;;;
Caaguazś;San José de los Arroyos;;Psorophora (Janthinosoma) ferox;-25.544.092;-56.695.914;2009;;;
Caaguazś;San José de los Arroyos;;Psorophora (Janthinosoma) ferox;-25.544.092;-56.695.914;2009;;;
Caaguazś;San José de los Arroyos;;Sabethes (Sabethoides) chloropterus;-25.544.092;-56.695.914;2008;;;
Caaguazś;San José de los Arroyos;;Sabethes (Sabethoides) chloropterus;-25.544.092;-56.695.914;2008;;;
Caaguazś;San José de los Arroyos;;Sabethes (Sabethoides) glaucodaemon;-25.544.092;-56.695.914;2008;;;
Caaguazś;San José de los Arroyos;;Sabethes (Sabethoides) glaucodaemon;-25.544.092;-56.695.914;2008;;;
Caazapį;San Juan Nepomuceno;;Ochlerotatus (Chrysoconops) fulvus;-26.231.408;-55.900.653;2009;;;
Alto Paranį;Santa Fé;;Psorophora (Janthinosoma) ferox;-25.189.097;-54.628.297;2009;;;
Alto Paranį;Santa Fé;;Sabethes (Sabethes) albiprivus;-25.189.097;-54.628.297;2009;;;
Alto Paranį;Santa Fé;;Sabethes (Sabethoides) glaucodaemon;-25.189.097;-54.628.297;2009;;;
San Pedro;Santa Rosa del Aguaray;;Sabethes (Sabethoides) chloropterus;-23.759.088;-56.271.794;2008;;;
San Pedro;Santa Rosa del Aguaray;;Sabethes (Sabethinus) intermedius;-23.759.088;-56.271.794;2008;;;
Caazapį;Tavaķ;;Ochlerotatus (Chrysoconops) fulvus;-26.187.959;-55.529.943;2008;;;
Caazapį;Tavaķ;;Ochlerotatus (Chrysoconops) fulvus;-26.187.959;-55.529.943;2008;;;
Cordillera;Tobati;;Ochlerotatus (Chrysoconops) fulvus;-2.521.596;-5.704.654;2009;;;
San Pedro;Yatayty del Norte;;Ochlerotatus (Chrysoconops) fulvus;-2.483.732;-5.632.906;2008;;;
San Pedro;Yatayty del Norte;;Ochlerotatus (Chrysoconops) fulvus;-2.483.732;-5.632.906;2008;;;
San Pedro;Yatayty del Norte;;Sabethes (Sabethoides) chloropterus;-2.483.732;-5.632.906;2008;;;
San Pedro;Yatayty del Norte;;Sabethes (Sabethinus) intermedius;-2.483.732;-5.632.906;2008;;;
Central;Ypané;;Psorophora (Janthinosoma) ferox;-25.460.404;-57.509.300;2009;;;
San Pedro;Yrybucuį;;Ochlerotatus (Chrysoconops) fulvus;-24.504.718;-56.137.081;2008;;;
San Pedro;Yrybucuį;;Sabethes (Sabethinus) intermedius;-24.504.718;-56.137.081;2008;;;
San Pedro;Yrybucuį;;Sabethes (Sabethes) purpureus;-24.504.718;-56.137.081;2008;;;
San Pedro;Yrybucuį;;Sabethes (Sabethes) purpureus;-24.504.718;-56.137.081;2008;;;
San Pedro;Yrybucuį;;Sabethes (Sabethoides) glaucodaemon;-24.504.718;-56.137.081;2008;;;
San Pedro;Yrybucuį;;Sabethes (Sabethoides) glaucodaemon;-24.504.718;-56.137.081;2008;;;
Canindeyś;Villa Ygatimi;Reserva Natural del Bosque Maracayś.;Ochlerotatus () (Complejo)serratus;-24.134.227;-55.530.547;2023;6;20;2H
Canindeyś;Villa Ygatimi;Reserva Natural del Bosque Maracayś.;Sabethes (Sabethes) albiprivus;-24.134.227;-55.530.547;2023;6;20;2H
Canindeyś;Villa Ygatimi;Reserva Natural del Bosque Maracayś.;Sabethes (Sabethinus) intermedius;-24.134.227;-55.530.547;2023;6;20;4H
Canindeyś;Villa Ygatimi;Reserva Natural del Bosque Maracayś.;Ochlerotatus (Chrysoconops) fulvus;-24.134.227;-55.530.547;2023;6;20;1H
Canindeyś;Villa Ygatimi;Reserva Natural del Bosque Maracayś.;Ochlerotatus () (Complejo)serratus;-24.134.227;-55.530.547;2023;6;20;4H
Canindeyś;Villa Ygatimi;Reserva Natural del Bosque Maracayś.;Psorophora (Janthinosoma) ferox;-24.134.227;-55.530.547;2023;6;20;4H
Canindeyś;Villa Ygatimi;Reserva Natural del Bosque Maracayś.;Ochlerotatus () (Complejo)serratus;-24.131.011;-55.529.914;2023;6;21;1H
Canindeyś;Villa Ygatimi;Reserva Natural del Bosque Maracayś.;Ochlerotatus (Chrysoconops) fulvus;-24.131.011;-55.529.914;2023;6;21;1H
Canindeyś;Villa Ygatimi;Reserva Natural del Bosque Maracayś.;Sabethes (Sabethinus) intermedius;-24.131.011;-55.529.914;2023;6;21;4H
Canindeyś;Villa Ygatimi;Reserva Natural del Bosque Maracayś.;Sabethes (Sabethes) albiprivus;-24.131.011;-55.529.914;2023;6;21;2H
Canindeyś;Villa Ygatimi;Reserva Natural del Bosque Maracayś.;Ochlerotatus () (Complejo)serratus;-24.131.011;-55.529.914;2023;6;21;5H
Canindeyś;Villa Ygatimi;Reserva Natural del Bosque Maracayś.;Ochlerotatus () (Complejo)serratus;-24.131.011;-55.529.914;2023;6;22;6H
Canindeyś;Villa Ygatimi;Reserva Natural del Bosque Maracayś.;Psorophora (Janthinosoma) ferox;-24.131.011;-55.529.914;2023;6;22;3H
Concepción;San Carlos del Apa;Parque Nacional Paso Bravo;Ochlerotatus () (Complejo)serratus;-22.293.263;-57.036.381;2023;7;11;4H
Concepción;San Carlos del Apa;Parque Nacional Paso Bravo;Ochlerotatus () (Complejo)serratus;-22.293.263;-57.036.381;2023;7;11;2H
Concepción;San Carlos del Apa;Parque Nacional Paso Bravo;Psorophora (Janthinosoma) ferox;-22.322.816;-57.155.785;2023;7;12;3H
Concepción;San Carlos del Apa;Parque Nacional Paso Bravo;Psorophora (Janthinosoma) ferox;-22.322.816;-57.155.785;2023;7;12;2H
Concepción;San Carlos del Apa;Parque Nacional Paso Bravo;Psorophora (Janthinosoma) ferox;-22.322.816;-57.155.785;2023;7;13;1H
Alto Paranį;San Alberto;Reserva Ecológica Limoy;Sabethes (Sabethoides) glaucodaemon;-2.475.009;-54.473.343;2023;5;17;2H
Alto Paranį;San Alberto;Reserva Ecológica Limoy;Psorophora (Janthinosoma) ferox;-2.475.009;-54.473.343;2023;5;17;3H
Alto Paranį;San Alberto;Reserva Ecológica Limoy;Sabethes (Sabethes) albiprivus;-2.475.009;-54.473.343;2023;5;17;4H
Alto Paranį;San Alberto;Reserva Ecológica Limoy;Sabethes (Sabethoides) glaucodaemon;-2.475.009;-54.473.343;2023;5;17;2H
Alto Paranį;San Alberto;Reserva Ecológica Limoy;Psorophora (Janthinosoma) ferox;-2.475.009;-54.473.343;2023;5;17;7H
Alto Paranį;San Alberto;Reserva Ecológica Limoy;Ochlerotatus () (Complejo)serratus;-2.475.009;-54.473.343;2023;5;17;2H
Alto Paranį;San Alberto;Reserva Ecológica Limoy;Sabethes (Sabethes) albiprivus;-24.765.547;-54.477.942;2023;5;18;2H
Alto Paranį;San Alberto;Reserva Ecológica Limoy;Ochlerotatus () (Complejo)serratus;-24.765.547;-54.477.942;2023;5;18;1H
Alto Paranį;San Alberto;Reserva Ecológica Limoy;Haemagogus (Conopostegus) leucocelaenus;-24.765.547;-54.477.942;2023;5;18;2H
Alto Paranį;San Alberto;Reserva Ecológica Limoy;Sabethes (Sabethes) albiprivus;-24.765.547;-54.477.942;2023;5;18;9H
Alto Paranį;San Alberto;Reserva Ecológica Limoy;Ochlerotatus () (Complejo)serratus;-24.765.547;-54.477.942;2023;5;18;3H
Alto Paranį;San Alberto;Reserva Ecológica Limoy;Psorophora (Janthinosoma) ferox;-24.765.547;-54.477.942;2023;5;18;5H
Ńeembucś;Cerrito;Cerrito;Psorophora (Janthinosoma) albigenu;-27.344.343;-5.764.769;2023;8;29;3H
Ńeembucś;Cerrito;Cerrito;Psorophora (Janthinosoma) albigenu;-27.347.179;-57.645.754;2023;11;27;23H
Ńeembucś;Cerrito;Cerrito;Psorophora (Janthinosoma) albigenu;-27.347.179;-57.645.754;2023;11;28;13H
Ńeembucś;Cerrito;Cerrito;Psorophora (Janthinosoma) albigenu;-27.347.179;-57.645.754;2023;11;28;78H
Ńeembucś;Cerrito;Cerrito;Psorophora (Janthinosoma) albigenu;-27.347.179;-57.645.754;2023;11;28;21H
Ńeembucś;Cerrito;Cerrito;Psorophora (Janthinosoma) albigenu;-27.344.119;-57.651.217;2023;11;29;5H
Ńeembucś;Cerrito;Cerrito;Psorophora (Janthinosoma) albigenu;-27.344.119;-57.651.217;2023;11;29;27H
Ńeembucś;Cerrito;Cerrito;Psorophora (Janthinosoma) albigenu;-27.335.509;-5.763.658;2023;11;30;2H
Ńeembucś;Cerrito;Cerrito;Psorophora (Janthinosoma) albigenu;-27.335.509;-5.763.658;2023;11;30;3H
Ńeembucś;Cerrito;Cerrito;Psorophora (Janthinosoma) albigenu;-27.335.509;-5.763.658;2023;11;30;13H
Ńeembucś;Cerrito;Cerrito;Psorophora (Janthinosoma) albigenu;-27.335.509;-5.763.658;2023;11;30;8H
San Pedro;Puerto Antequera;Antequera;Psorophora (Janthinosoma) ferox;-24.087.057;-5.719.029;2023;12;18;5H
San Pedro;Puerto Antequera;Antequera;Psorophora (Psorophora) ciliata;-24.086.525;-57.176.366;2023;12;19;3H
San Pedro;Puerto Antequera;Antequera;Ochlerotatus (Chrysoconops) fulvus;-24.095.924;-5.720.726;2023;12;21;3H
San Pedro;Puerto Antequera;Antequera;Psorophora (Janthinosoma) ferox;-24.095.924;-5.720.726;2023;12;21;1H
San Pedro;Puerto Antequera;Antequera;Ochlerotatus (Chrysoconops) fulvus;-24.095.924;-5.720.726;2023;12;21;5H
San Pedro;Puerto Antequera;Antequera;Haemagogus (Haemagogus) celeste;-24.095.924;-5.720.726;2023;12;21;1H
San Pedro;Puerto Antequera;Antequera;Ochlerotatus (Chrysoconops) fulvus;-24.095.924;-5.720.726;2023;12;21;2H
San Pedro;Puerto Antequera;Antequera;Ochlerotatus (Chrysoconops) fulvus;-24.095.924;-5.720.726;2023;12;21;7H
San Pedro;Puerto Antequera;Antequera;Psorophora (Janthinosoma) ferox;-24.095.924;-5.720.726;2023;12;21;4H
San Pedro;Puerto Antequera;Antequera;Ochlerotatus (Chrysoconops) fulvus;-24.095.924;-5.720.726;2023;12;21;3H
Boquerón;Mariscal Estigarribia;Mayor Infante Rivarola;Psorophora (Janthinosoma) albigenu;-21.671.583;-62.456.096;2023;12;11;7H
Boquerón;Mariscal Estigarribia;Mayor Infante Rivarola;Psorophora (Janthinosoma) albigenu;-21.671.583;-62.456.096;2023;12;11;3H
Boquerón;Mariscal Estigarribia;Mayor Infante Rivarola;Psorophora (Janthinosoma) albigenu;-21.671.583;-62.456.096;2023;12;12;7H
Boquerón;Mariscal Estigarribia;Mayor Infante Rivarola;Psorophora (Janthinosoma) albigenu;-21.671.583;-62.456.096;2023;12;12;18H
Boquerón;Mariscal Estigarribia;Mayor Infante Rivarola;Psorophora (Psorophora) ciliata;-21.671.583;-62.456.096;2023;12;12;3H
Boquerón;Mariscal Estigarribia;Mayor Infante Rivarola;Psorophora (Janthinosoma) albigenu;-21.671.583;-62.456.096;2023;12;12;70H
Boquerón;Mariscal Estigarribia;Mayor Infante Rivarola;Psorophora (Janthinosoma) albigenu;-21.671.583;-62.456.096;2023;12;12;27H
Boquerón;Mariscal Estigarribia;Mayor Infante Rivarola;Psorophora (Janthinosoma) albigenu;-21.678.922;-62.401.638;2023;12;13;13H
Boquerón;Mariscal Estigarribia;Mayor Infante Rivarola;Psorophora (Janthinosoma) albigenu;-21.678.922;-62.401.638;2023;12;13;7H
San Pedro;Yrybucuį;Yrybucuį;Sabethes (Sabethes) albiprivus;-24.480.256;-56.091.933;2023;8;10;1H
San Pedro;Yrybucuį;Yrybucuį;Sabethes (Sabethoides) glaucodaemon;-24.480.256;-56.091.933;2023;8;10;8H
San Pedro;Yrybucuį;Yrybucuį;Sabethes (Sabethes) belisarioi;-24.480.256;-56.091.933;2023;8;10;2H
San Pedro;Yrybucuį;Yrybucuį;Sabethes (Sabethoides) glaucodaemon;-24.480.256;-56.091.933;2023;8;10;8H
San Pedro;Yrybucuį;Yrybucuį;Sabethes (Sabethes) albiprivus;-24.480.256;-56.091.933;2023;8;10;1H
Central;Mariano R Alonso;Corumba Cué;Ochlerotatus () (Complejo)serratus;-25.183.254;-57.527.004;2023;9;20;2H
Central;Mariano R Alonso;Corumba Cué;Ochlerotatus () (Complejo)serratus;-25.183.254;-57.527.004;2023;9;21;3H
Itapśa;Alto Verį;Coronay;Sabethes (Sabethes) albiprivus;-26.736.245;-55.771.151;2023;7;6;2H
Itapśa;Alto Verį;Coronay;Sabethes (Sabethes) quasicyaneus;-26.736.245;-55.771.151;2023;7;6;2H
Paraguarķ;Tebicuarymķ;Tebicuarymķ;Sabethes (Sabethes) belisarioi;-25.899.535;-56.686.356;2023;5;25;1H
Paraguarķ;Tebicuarymķ;Tebicuarymķ;Sabethes (Sabethoides) glaucodaemon;-25.899.535;-56.686.356;2023;5;25;5H
Paraguarķ;Tebicuarymķ;Tebicuarymķ;Psorophora (Janthinosoma) ferox;-25.899.535;-56.686.356;2023;5;25;5H
Paraguarķ;Tebicuarymķ;Tebicuarymķ;Haemagogus (Conopostegus) leucocelaenus;-25.899.535;-56.686.356;2023;5;25;2H
Paraguarķ;Tebicuarymķ;Tebicuarymķ;Sabethes (Sabethes) quasicyaneus;-25.899.535;-56.686.356;2023;5;25;2H
Paraguarķ;Tebicuarymķ;Tebicuarymķ;Sabethes (Sabethoides) glaucodaemon;-25.899.535;-56.686.356;2023;5;25;3H
Paraguarķ;Tebicuarymķ;Tebicuarymķ;Psorophora (Janthinosoma) ferox;-25.899.535;-56.686.356;2023;5;25;3M
Guairį;Paso Yobai;San Francisco;Sabethes (Sabethes) albiprivus;-25.705.496;-55.766.593;2023;8;24;8H
Guairį;Paso Yobai;San Francisco;Sabethes (Sabethes) belisarioi;-25.705.496;-55.766.593;2023;8;24;1H
Guairį;Paso Yobai;San Francisco;Sabethes (Sabethes) albiprivus;-25.705.496;-55.766.593;2023;8;24;7H
Presidente  Hayes;Villa Hayes;Pozo Colorado;Ochlerotatus () (Complejo)serratus;-2.349.195;-58.768.733;2023;5;25;2H
Caaguazś;Raśl Arsenio Oviedo;Santa Teresa;Sabethes (Sabethoides) glaucodaemon;-250.968.412.099.539;-55.805.624.394.612;2023;9;7;1H
Itapśa;Alto Verį;Coronay;Psorophora (Janthinosoma) ferox;-2.675.379;-55.769.329;2023;10;10;12H
Paraguarķ;Tebicuarymķ;Tebicuarymķ;Sabethes (Sabethes) albiprivus;-25.899.364;-566.867;2023;10;26;4H
Paraguarķ;Tebicuarymķ;Tebicuarymķ;Psorophora (Janthinosoma) ferox;-25.899.364;-566.867;2023;10;26;3H
Paraguarķ;Tebicuarymķ;Tebicuarymķ;Sabethes (Sabethes) albiprivus;-25.899.364;-566.867;2023;10;26;6H
Paraguarķ;Tebicuarymķ;Tebicuarymķ;Psorophora (Janthinosoma) ferox;-25.899.364;-566.867;2023;10;26;5H
Paraguarķ;Tebicuarymķ;Tebicuarymķ;Psorophora (Janthinosoma) ferox;-25.921.431;-56.666.287;2023;10;24;6H
Paraguarķ;Tebicuarymķ;Tebicuarymķ;Psorophora (Janthinosoma) ferox;-25.921.431;-56.666.287;2023;10;24;15H
Paraguarķ;Tebicuarymķ;Tebicuarymķ;Psorophora (Janthinosoma) ferox;-25.914.622;-56.673.916;2023;10;23;4H
Paraguarķ;Tebicuarymķ;Tebicuarymķ;Psorophora (Janthinosoma) ferox;-25.914.622;-56.673.916;2023;10;23;22H
Paraguarķ;Tebicuarymķ;Tebicuarymķ;Psorophora (Janthinosoma) ferox;-25.914.781;-56.673.263;2023;10;25;6H
Paraguarķ;Tebicuarymķ;Tebicuarymķ;Psorophora (Janthinosoma) ferox;-25.914.781;-56.673.263;2023;10;25;6H
Guairį;Paso Yobai;San Francisco;Psorophora (Janthinosoma) albigenu;-25.718.818;-55.757.238;2023;11;6;5H
Guairį;Paso Yobai;San Francisco;Psorophora (Janthinosoma) albigenu;-25.718.818;-55.757.238;2023;11;6;8H
Guairį;Paso Yobai;San Francisco;Psorophora (Janthinosoma) albigenu;-25.709.703;-55.752.953;2023;11;7;10H
Guairį;Paso Yobai;San Francisco;Psorophora (Janthinosoma) albigenu;-25710345;-55751409;2023;11;8;1H
Guairį;Paso Yobai;San Francisco;Psorophora (Janthinosoma) albigenu;-25710345;-55751409;2023;11;8;2H
Guairį;Paso Yobai;San Francisco;Psorophora (Janthinosoma) albigenu;-25.710.684;-55.752.612;2023;11;8;1H
Guairį;Paso Yobai;San Francisco;Psorophora (Janthinosoma) albigenu;-25.710.684;-55.752.612;2023;11;8;2H
Presidente Hayes;Villa Hayes;Pozo Colorado;Psorophora (Psorophora) ciliata;-23.493.097;-58.780.721;2023;11;20;1H
Presidente Hayes;Villa Hayes;Pozo Colorado;Psorophora (Psorophora) ciliata;-23.493.097;-58.780.721;2023;11;20;3H
Paraguarķ;Tebicuarymķ;Tebicuarymķ;Ochlerotatus fluviatilis;-25.920.657;-56.665.495;2023;5;25;2H
